,node_number,Orbit_type_I,Orbit_type_II,two_Orbit_type
0,0,18,19,1819
1,1,22,18,1822
2,2,18,19,1819
3,3,18,15,1518
4,4,22,20,2022
5,5,18,15,1518
6,6,18,16,1618
7,7,15,22,1522
8,8,18,16,1618
9,9,22,20,2022
10,10,18,16,1618
11,11,18,16,1618
12,12,18,16,1618
13,13,22,15,1522
14,14,18,16,1618
15,15,18,16,1618
16,16,18,16,1618
17,17,18,16,1618
18,18,18,16,1618
19,19,18,23,1823
20,20,15,32,1532
21,21,22,32,2232
22,22,18,16,1618
23,23,18,16,1618
24,24,22,31,2231
25,25,23,33,2333
26,26,26,57,2657
27,27,57,32,3257
28,28,23,42,2342
29,29,18,22,1822
30,30,16,21,1621
31,31,22,18,1822
32,32,22,19,1922
33,33,57,32,3257
34,34,23,33,2333
35,35,16,18,1618
36,36,23,33,2333
37,37,18,32,1832
38,38,22,32,2232
39,39,18,16,1618
40,40,23,33,2333
41,41,21,26,2126
42,42,16,18,1618
43,43,16,18,1618
44,44,18,22,1822
45,45,15,19,1519
46,46,15,16,1516
47,47,22,19,1922
48,48,18,27,1827
49,49,18,22,1822
50,50,22,19,1922
51,51,23,21,2123
52,52,22,15,1522
53,53,22,15,1522
54,54,22,15,1522
55,55,22,19,1922
56,56,23,21,2123
57,57,23,21,2123
58,58,23,21,2123
59,59,22,20,2022
60,60,18,24,1824
61,61,22,20,2022
62,62,22,32,2232
63,63,22,32,2232
64,64,22,20,2022
65,65,22,19,1922
66,66,22,32,2232
67,67,22,19,1922
68,68,18,36,1836
69,69,18,36,1836
70,70,23,21,2123
71,71,23,21,2123
72,72,18,22,1822
73,73,22,32,2232
74,74,22,54,2254
75,75,71,57,5771
76,76,57,71,5771
77,77,71,57,5771
78,78,57,71,5771
79,79,57,71,5771
80,80,71,57,5771
81,81,57,71,5771
82,82,16,23,1623
83,83,71,55,5571
84,84,57,71,5771
85,85,57,71,5771
86,86,16,18,1618
87,87,57,71,5771
88,88,57,71,5771
89,89,71,57,5771
90,90,57,71,5771
91,91,57,71,5771
92,92,71,55,5571
93,93,57,71,5771
94,94,16,18,1618
95,95,71,55,5571
96,96,57,71,5771
97,97,71,55,5571
98,98,57,71,5771
99,99,71,57,5771
100,100,16,18,1618
101,101,71,57,5771
102,102,57,71,5771
103,103,16,18,1618
104,104,16,18,1618
105,105,57,71,5771
106,106,57,71,5771
107,107,71,57,5771
108,108,57,71,5771
109,109,20,22,2022
110,110,16,18,1618
111,111,16,18,1618
112,112,16,18,1618
113,113,71,57,5771
114,114,71,57,5771
115,115,71,57,5771
116,116,71,57,5771
117,117,71,57,5771
118,118,33,23,2333
119,119,71,55,5571
120,120,57,71,5771
121,121,57,71,5771
122,122,16,23,1623
123,123,71,57,5771
124,124,71,57,5771
125,125,22,24,2224
126,126,15,29,1529
127,127,22,19,1922
128,128,22,19,1922
129,129,22,19,1922
130,130,22,19,1922
131,131,18,15,1518
132,132,22,19,1922
133,133,18,22,1822
134,134,22,18,1822
135,135,22,32,2232
136,136,18,22,1822
137,137,22,32,2232
138,138,18,22,1822
139,139,18,22,1822
140,140,23,21,2123
141,141,18,24,1824
142,142,22,19,1922
143,143,22,32,2232
144,144,22,32,2232
145,145,22,18,1822
146,146,22,19,1922
147,147,22,19,1922
148,148,22,32,2232
149,149,23,21,2123
150,150,18,15,1518
151,151,22,18,1822
152,152,18,15,1518
153,153,22,19,1922
154,154,18,22,1822
155,155,22,19,1922
156,156,22,18,1822
157,157,22,20,2022
158,158,22,20,2022
159,159,22,18,1822
160,160,22,20,2022
161,161,22,32,2232
162,162,22,18,1822
163,163,22,19,1922
164,164,22,18,1822
165,165,18,22,1822
166,166,18,15,1518
167,167,22,19,1922
168,168,22,19,1922
169,169,22,19,1922
170,170,22,19,1922
171,171,22,19,1922
172,172,22,32,2232
173,173,22,18,1822
174,174,22,32,2232
175,175,22,32,2232
176,176,22,32,2232
177,177,22,32,2232
178,178,22,32,2232
179,179,22,32,2232
180,180,23,21,2123
181,181,22,32,2232
182,182,22,32,2232
183,183,22,32,2232
184,184,22,19,1922
185,185,22,32,2232
186,186,18,45,1845
187,187,16,18,1618
188,188,18,15,1518
189,189,18,15,1518
190,190,18,15,1518
191,191,22,18,1822
192,192,22,20,2022
193,193,18,23,1823
194,194,22,20,2022
195,195,22,20,2022
196,196,22,20,2022
197,197,22,20,2022
198,198,22,20,2022
199,199,22,20,2022
200,200,22,20,2022
201,201,22,20,2022
202,202,22,20,2022
203,203,22,20,2022
204,204,22,20,2022
205,205,22,20,2022
206,206,22,20,2022
207,207,18,32,1832
208,208,22,20,2022
209,209,18,23,1823
210,210,22,20,2022
211,211,22,20,2022
212,212,22,20,2022
213,213,22,20,2022
214,214,32,22,2232
215,215,22,20,2022
216,216,22,20,2022
217,217,18,32,1832
218,218,22,20,2022
219,219,32,22,2232
220,220,22,19,1922
221,221,18,15,1518
222,222,22,19,1922
223,223,19,22,1922
224,224,21,23,2123
225,225,18,19,1819
226,226,18,19,1819
227,227,18,16,1618
228,228,18,19,1819
229,229,20,21,2021
230,230,18,19,1819
231,231,22,31,2231
232,232,18,16,1618
233,233,23,26,2326
234,234,18,27,1827
235,235,23,33,2333
236,236,23,21,2123
237,237,23,42,2342
238,238,18,27,1827
239,239,23,33,2333
240,240,18,27,1827
241,241,23,33,2333
242,242,18,22,1822
243,243,18,16,1618
244,244,23,33,2333
245,245,23,33,2333
246,246,19,32,1932
247,247,32,19,1932
248,248,19,18,1819
249,249,32,19,1932
250,250,32,19,1932
251,251,32,19,1932
252,252,22,19,1922
253,253,19,32,1932
254,254,19,32,1932
255,255,15,18,1518
256,256,18,15,1518
257,257,22,19,1922
258,258,22,19,1922
259,259,22,18,1822
260,260,22,19,1922
261,261,22,32,2232
262,262,15,22,1522
263,263,15,16,1516
264,264,18,15,1518
265,265,18,15,1518
266,266,36,24,2436
267,267,22,19,1922
268,268,22,18,1822
269,269,22,18,1822
270,270,22,32,2232
271,271,22,19,1922
272,272,22,31,2231
273,273,57,32,3257
274,274,18,19,1819
275,275,18,15,1518
276,276,18,21,1821
277,277,18,19,1819
278,278,15,18,1518
279,279,15,18,1518
280,280,22,20,2022
281,281,18,19,1819
282,282,22,19,1922
283,283,22,20,2022
284,284,22,20,2022
285,285,18,15,1518
286,286,22,20,2022
287,287,22,19,1922
288,288,18,15,1518
289,289,22,19,1922
290,290,18,15,1518
291,291,22,18,1822
292,292,22,19,1922
293,293,22,19,1922
294,294,18,16,1618
295,295,18,15,1518
296,296,18,16,1618
297,297,18,15,1518
298,298,22,20,2022
299,299,22,19,1922
300,300,22,18,1822
301,301,22,18,1822
302,302,22,18,1822
303,303,22,32,2232
304,304,22,32,2232
305,305,22,19,1922
306,306,22,18,1822
307,307,22,20,2022
308,308,22,20,2022
309,309,22,20,2022
310,310,22,20,2022
311,311,22,19,1922
312,312,22,19,1922
313,313,22,31,2231
314,314,22,32,2232
315,315,22,40,2240
316,316,57,41,4157
317,317,42,23,2342
318,318,57,32,3257
319,319,57,32,3257
320,320,22,18,1822
321,321,57,32,3257
322,322,57,32,3257
323,323,57,32,3257
324,324,57,32,3257
325,325,18,16,1618
326,326,22,18,1822
327,327,23,42,2342
328,328,57,32,3257
329,329,57,32,3257
330,330,57,32,3257
331,331,21,16,1621
332,332,57,32,3257
333,333,57,32,3257
334,334,57,41,4157
335,335,18,22,1822
336,336,22,18,1822
337,337,57,32,3257
338,338,57,32,3257
339,339,57,32,3257
340,340,57,32,3257
341,341,57,32,3257
342,342,57,32,3257
343,343,57,32,3257
344,344,57,32,3257
345,345,32,22,2232
346,346,57,32,3257
347,347,57,32,3257
348,348,57,26,2657
349,349,57,32,3257
350,350,57,32,3257
351,351,57,32,3257
352,352,57,32,3257
353,353,22,32,2232
354,354,23,42,2342
355,355,18,24,1824
356,356,57,32,3257
357,357,57,32,3257
358,358,23,42,2342
359,359,57,32,3257
360,360,57,32,3257
361,361,57,32,3257
362,362,57,32,3257
363,363,21,16,1621
364,364,57,32,3257
365,365,57,32,3257
366,366,23,42,2342
367,367,57,32,3257
368,368,57,32,3257
369,369,57,41,4157
370,370,15,22,1522
371,371,18,27,1827
372,372,18,15,1518
373,373,22,19,1922
374,374,22,19,1922
375,375,22,19,1922
376,376,22,19,1922
377,377,15,32,1532
378,378,18,15,1518
379,379,18,22,1822
380,380,18,22,1822
381,381,22,31,2231
382,382,22,31,2231
383,383,57,32,3257
384,384,22,18,1822
385,385,22,54,2254
386,386,57,71,5771
387,387,18,16,1618
388,388,22,31,2231
389,389,18,16,1618
390,390,18,22,1822
391,391,18,24,1824
392,392,18,16,1618
393,393,16,21,1621
394,394,22,19,1922
395,395,22,32,2232
396,396,22,32,2232
397,397,22,32,2232
398,398,22,32,2232
399,399,22,32,2232
400,400,22,32,2232
401,401,19,22,1922
402,402,22,31,2231
403,403,22,31,2231
404,404,22,19,1922
405,405,22,18,1822
406,406,22,18,1822
407,407,22,32,2232
408,408,22,31,2231
409,409,22,18,1822
410,410,18,22,1822
411,411,22,18,1822
412,412,22,18,1822
413,413,22,19,1922
414,414,22,19,1922
415,415,18,15,1518
416,416,22,19,1922
417,417,22,19,1922
418,418,23,21,2123
419,419,22,19,1922
420,420,22,18,1822
421,421,22,32,2232
422,422,22,19,1922
423,423,18,22,1822
424,424,22,19,1922
425,425,22,19,1922
426,426,22,32,2232
427,427,18,22,1822
428,428,22,18,1822
429,429,22,32,2232
430,430,18,36,1836
431,431,22,32,2232
432,432,18,24,1824
433,433,22,32,2232
434,434,22,19,1922
435,435,22,19,1922
436,436,22,19,1922
437,437,22,54,2254
438,438,32,22,2232
439,439,22,31,2231
440,440,22,31,2231
441,441,22,31,2231
442,442,22,15,1522
443,443,22,19,1922
444,444,18,36,1836
445,445,22,18,1822
446,446,18,36,1836
447,447,18,36,1836
448,448,18,36,1836
449,449,18,36,1836
450,450,22,18,1822
451,451,18,36,1836
452,452,22,32,2232
453,453,22,18,1822
454,454,22,32,2232
455,455,22,32,2232
456,456,22,32,2232
457,457,18,15,1518
458,458,18,15,1518
459,459,22,19,1922
460,460,22,19,1922
461,461,22,19,1922
462,462,22,19,1922
463,463,18,16,1618
464,464,32,19,1932
465,465,22,18,1822
466,466,22,40,2240
467,467,22,40,2240
468,468,22,31,2231
469,469,18,22,1822
470,470,18,22,1822
471,471,32,15,1532
472,472,32,41,3241
473,473,24,19,1924
474,474,18,15,1518
475,475,22,31,2231
476,476,22,18,1822
477,477,22,15,1522
478,478,15,22,1522
479,479,32,15,1532
480,480,22,19,1922
481,481,22,19,1922
482,482,15,27,1527
483,483,15,27,1527
484,484,18,15,1518
485,485,18,19,1819
486,486,18,15,1518
487,487,18,15,1518
488,488,18,19,1819
489,489,18,19,1819
490,490,22,20,2022
491,491,15,18,1518
492,492,15,19,1519
493,493,18,15,1518
494,494,22,31,2231
495,495,22,31,2231
496,496,22,19,1922
497,497,22,19,1922
498,498,22,19,1922
499,499,22,18,1822
500,500,22,19,1922
501,501,22,54,2254
502,502,22,18,1822
503,503,22,40,2240
504,504,22,31,2231
505,505,22,31,2231
506,506,18,15,1518
507,507,22,31,2231
508,508,22,20,2022
509,509,18,15,1518
510,510,18,15,1518
511,511,29,15,1529
512,512,29,57,2957
513,513,29,57,2957
514,514,18,29,1829
515,515,29,57,2957
516,516,29,57,2957
517,517,29,57,2957
518,518,20,30,2030
519,519,29,15,1529
520,520,18,19,1819
521,521,29,15,1529
522,522,22,19,1922
523,523,22,32,2232
524,524,22,32,2232
525,525,18,15,1518
526,526,22,18,1822
527,527,22,19,1922
528,528,22,31,2231
529,529,15,22,1522
530,530,15,18,1518
531,531,15,18,1518
532,532,15,18,1518
533,533,15,18,1518
534,534,15,18,1518
535,535,18,15,1518
536,536,18,22,1822
537,537,18,16,1618
538,538,15,18,1518
539,539,15,18,1518
540,540,15,18,1518
541,541,18,19,1819
542,542,19,18,1819
543,543,19,18,1819
544,544,19,18,1819
545,545,15,18,1518
546,546,22,19,1922
547,547,22,40,2240
548,548,22,19,1922
549,549,22,18,1822
550,550,22,32,2232
551,551,22,18,1822
552,552,18,19,1819
553,553,18,19,1819
554,554,18,19,1819
555,555,18,19,1819
556,556,18,19,1819
557,557,18,19,1819
558,558,22,19,1922
559,559,22,19,1922
560,560,22,32,2232
561,561,22,32,2232
562,562,22,15,1522
563,563,22,19,1922
564,564,22,19,1922
565,565,18,15,1518
566,566,22,19,1922
567,567,22,19,1922
568,568,22,19,1922
569,569,18,16,1618
570,570,22,31,2231
571,571,18,15,1518
572,572,18,15,1518
573,573,18,15,1518
574,574,18,24,1824
575,575,18,24,1824
576,576,18,15,1518
577,577,18,24,1824
578,578,22,19,1922
579,579,15,18,1518
580,580,22,19,1922
581,581,18,19,1819
582,582,22,19,1922
583,583,32,22,2232
584,584,18,15,1518
585,585,22,19,1922
586,586,22,19,1922
587,587,22,19,1922
588,588,22,20,2022
589,589,22,19,1922
590,590,22,20,2022
591,591,22,19,1922
592,592,22,19,1922
593,593,22,19,1922
594,594,22,19,1922
595,595,22,15,1522
596,596,22,19,1922
597,597,22,19,1922
598,598,22,18,1822
599,599,22,19,1922
600,600,22,31,2231
601,601,19,18,1819
602,602,18,19,1819
603,603,18,19,1819
604,604,22,19,1922
605,605,18,22,1822
606,606,18,22,1822
607,607,22,40,2240
608,608,22,18,1822
609,609,22,20,2022
610,610,22,18,1822
611,611,22,40,2240
612,612,22,19,1922
613,613,22,19,1922
614,614,22,19,1922
615,615,22,19,1922
616,616,22,19,1922
617,617,29,15,1529
618,618,22,19,1922
619,619,18,19,1819
620,620,18,15,1518
621,621,22,19,1922
622,622,22,19,1922
623,623,22,19,1922
624,624,22,19,1922
625,625,22,40,2240
626,626,22,18,1822
627,627,22,18,1822
628,628,22,19,1922
629,629,22,19,1922
630,630,22,18,1822
631,631,22,31,2231
632,632,22,40,2240
633,633,18,15,1518
634,634,18,19,1819
635,635,15,18,1518
636,636,18,27,1827
637,637,15,19,1519
638,638,22,19,1922
639,639,15,19,1519
640,640,15,19,1519
641,641,22,19,1922
642,642,22,18,1822
643,643,15,18,1518
644,644,15,18,1518
645,645,15,18,1518
646,646,15,18,1518
647,647,15,18,1518
648,648,18,15,1518
649,649,22,31,2231
650,650,22,31,2231
651,651,18,22,1822
652,652,18,24,1824
653,653,22,31,2231
654,654,22,19,1922
655,655,22,18,1822
656,656,22,31,2231
657,657,18,19,1819
658,658,15,19,1519
659,659,18,16,1618
660,660,15,19,1519
661,661,22,18,1822
662,662,22,19,1922
663,663,22,19,1922
664,664,22,18,1822
665,665,22,19,1922
666,666,18,22,1822
667,667,22,19,1922
668,668,18,22,1822
669,669,22,15,1522
670,670,22,19,1922
671,671,22,19,1922
672,672,22,19,1922
673,673,22,20,2022
674,674,22,19,1922
675,675,22,19,1922
676,676,22,40,2240
677,677,22,18,1822
678,678,22,19,1922
679,679,22,20,2022
680,680,22,40,2240
681,681,22,19,1922
682,682,18,15,1518
683,683,15,18,1518
684,684,22,19,1922
685,685,22,19,1922
686,686,18,22,1822
687,687,18,22,1822
688,688,22,31,2231
689,689,22,19,1922
690,690,22,19,1922
691,691,22,19,1922
692,692,18,15,1518
693,693,18,16,1618
694,694,22,31,2231
695,695,22,19,1922
696,696,22,31,2231
697,697,22,19,1922
698,698,22,19,1922
699,699,22,19,1922
700,700,22,19,1922
701,701,22,19,1922
702,702,22,31,2231
703,703,22,18,1822
704,704,22,20,2022
705,705,18,27,1827
706,706,22,31,2231
707,707,22,19,1922
708,708,22,40,2240
709,709,22,19,1922
710,710,22,19,1922
711,711,22,19,1922
712,712,18,22,1822
713,713,22,20,2022
714,714,22,19,1922
715,715,22,31,2231
716,716,18,22,1822
717,717,19,22,1922
718,718,22,31,2231
719,719,22,31,2231
720,720,19,22,1922
721,721,18,24,1824
722,722,15,18,1518
723,723,22,19,1922
724,724,22,31,2231
725,725,22,19,1922
726,726,22,19,1922
727,727,22,31,2231
728,728,22,18,1822
729,729,22,19,1922
730,730,15,18,1518
731,731,18,19,1819
732,732,22,18,1822
733,733,22,19,1922
734,734,22,19,1922
735,735,22,19,1922
736,736,15,18,1518
737,737,22,40,2240
738,738,22,18,1822
739,739,22,19,1922
740,740,22,19,1922
741,741,15,18,1518
742,742,15,29,1529
743,743,15,29,1529
744,744,22,19,1922
745,745,18,15,1518
746,746,22,19,1922
747,747,22,20,2022
748,748,22,54,2254
749,749,22,18,1822
750,750,22,40,2240
751,751,22,19,1922
752,752,22,19,1922
753,753,22,31,2231
754,754,22,40,2240
755,755,15,18,1518
756,756,15,27,1527
757,757,15,18,1518
758,758,22,31,2231
759,759,22,19,1922
760,760,22,31,2231
761,761,22,19,1922
762,762,15,18,1518
763,763,22,19,1922
764,764,22,19,1922
765,765,18,15,1518
766,766,22,19,1922
767,767,18,15,1518
768,768,18,15,1518
769,769,18,15,1518
770,770,22,19,1922
771,771,22,19,1922
772,772,19,18,1819
773,773,15,19,1519
774,774,22,31,2231
775,775,22,18,1822
776,776,22,54,2254
777,777,18,22,1822
778,778,22,19,1922
779,779,22,19,1922
780,780,15,19,1519
781,781,15,22,1522
782,782,22,40,2240
783,783,18,19,1819
784,784,18,19,1819
785,785,15,18,1518
786,786,15,18,1518
787,787,18,19,1819
788,788,15,19,1519
789,789,22,54,2254
790,790,22,54,2254
791,791,22,31,2231
792,792,15,18,1518
793,793,15,19,1519
794,794,22,19,1922
795,795,18,24,1824
796,796,22,19,1922
797,797,22,40,2240
798,798,22,19,1922
799,799,22,19,1922
800,800,15,22,1522
801,801,22,19,1922
802,802,22,19,1922
803,803,22,18,1822
804,804,22,54,2254
805,805,22,19,1922
806,806,22,19,1922
807,807,22,19,1922
808,808,22,19,1922
809,809,22,40,2240
810,810,22,19,1922
811,811,22,31,2231
812,812,22,19,1922
813,813,22,19,1922
814,814,18,15,1518
815,815,15,16,1516
816,816,18,27,1827
817,817,15,18,1518
818,818,15,18,1518
819,819,15,18,1518
820,820,15,24,1524
821,821,22,18,1822
822,822,22,19,1922
823,823,22,40,2240
824,824,22,31,2231
825,825,22,31,2231
826,826,22,19,1922
827,827,22,19,1922
828,828,22,19,1922
829,829,22,19,1922
830,830,22,19,1922
831,831,22,19,1922
832,832,18,19,1819
833,833,22,19,1922
834,834,22,32,2232
835,835,22,31,2231
836,836,22,19,1922
837,837,22,19,1922
838,838,22,15,1522
839,839,22,19,1922
840,840,22,18,1822
841,841,22,19,1922
842,842,22,19,1922
843,843,22,19,1922
844,844,22,19,1922
845,845,22,19,1922
846,846,22,19,1922
847,847,22,19,1922
848,848,22,19,1922
849,849,22,31,2231
850,850,18,27,1827
851,851,31,22,2231
852,852,22,19,1922
853,853,22,19,1922
854,854,22,31,2231
855,855,22,19,1922
856,856,22,19,1922
857,857,18,22,1822
858,858,22,19,1922
859,859,22,19,1922
860,860,15,22,1522
861,861,22,19,1922
862,862,19,18,1819
863,863,22,19,1922
864,864,22,18,1822
865,865,22,31,2231
866,866,22,19,1922
867,867,22,31,2231
868,868,22,40,2240
869,869,22,19,1922
870,870,22,19,1922
871,871,22,19,1922
872,872,22,18,1822
873,873,22,31,2231
874,874,22,32,2232
875,875,22,19,1922
876,876,22,19,1922
877,877,22,19,1922
878,878,22,19,1922
879,879,15,0,015
880,880,18,27,1827
881,881,22,54,2254
882,882,22,18,1822
883,883,22,19,1922
884,884,18,15,1518
885,885,22,54,2254
886,886,22,19,1922
887,887,22,19,1922
888,888,22,31,2231
889,889,22,19,1922
890,890,22,19,1922
891,891,22,19,1922
892,892,18,22,1822
893,893,22,40,2240
894,894,19,15,1519
895,895,18,15,1518
896,896,18,15,1518
897,897,22,19,1922
898,898,22,31,2231
899,899,15,18,1518
900,900,22,18,1822
901,901,22,19,1922
902,902,18,22,1822
903,903,22,18,1822
904,904,22,19,1922
905,905,18,15,1518
906,906,22,19,1922
907,907,18,22,1822
908,908,18,15,1518
909,909,22,19,1922
910,910,22,19,1922
911,911,22,31,2231
912,912,22,19,1922
913,913,22,18,1822
914,914,22,31,2231
915,915,18,15,1518
916,916,22,19,1922
917,917,22,18,1822
918,918,22,20,2022
919,919,22,20,2022
920,920,22,20,2022
921,921,22,20,2022
922,922,22,20,2022
923,923,22,20,2022
924,924,22,20,2022
925,925,22,20,2022
926,926,22,20,2022
927,927,22,20,2022
928,928,22,20,2022
929,929,18,15,1518
930,930,22,19,1922
931,931,15,18,1518
932,932,18,15,1518
933,933,22,19,1922
934,934,22,19,1922
935,935,22,19,1922
936,936,18,19,1819
937,937,22,19,1922
938,938,22,19,1922
939,939,22,19,1922
940,940,22,19,1922
941,941,18,15,1518
942,942,22,19,1922
943,943,22,54,2254
944,944,18,45,1845
945,945,18,45,1845
946,946,18,15,1518
947,947,15,16,1516
948,948,18,15,1518
949,949,22,19,1922
950,950,18,19,1819
951,951,22,54,2254
952,952,22,19,1922
953,953,22,19,1922
954,954,22,19,1922
955,955,22,19,1922
956,956,22,19,1922
957,957,22,31,2231
958,958,22,31,2231
959,959,22,19,1922
960,960,22,19,1922
961,961,18,15,1518
962,962,22,54,2254
963,963,22,18,1822
964,964,22,19,1922
965,965,22,19,1922
966,966,22,54,2254
967,967,18,15,1518
968,968,22,19,1922
969,969,22,19,1922
970,970,18,19,1819
971,971,18,19,1819
972,972,18,19,1819
973,973,22,19,1922
974,974,22,31,2231
975,975,22,19,1922
976,976,24,19,1924
977,977,22,40,2240
978,978,15,18,1518
979,979,15,18,1518
980,980,22,54,2254
981,981,22,19,1922
982,982,22,19,1922
983,983,22,18,1822
984,984,22,19,1922
985,985,22,31,2231
986,986,22,31,2231
987,987,22,31,2231
988,988,22,40,2240
989,989,22,31,2231
990,990,22,19,1922
991,991,22,19,1922
992,992,22,19,1922
993,993,22,19,1922
994,994,22,18,1822
995,995,22,19,1922
996,996,18,15,1518
997,997,22,19,1922
998,998,18,15,1518
999,999,22,31,2231
1000,1000,22,19,1922
1001,1001,22,54,2254
1002,1002,22,19,1922
1003,1003,22,19,1922
1004,1004,18,15,1518
1005,1005,22,19,1922
1006,1006,22,18,1822
1007,1007,22,15,1522
1008,1008,22,19,1922
1009,1009,22,19,1922
1010,1010,22,19,1922
1011,1011,22,19,1922
1012,1012,18,19,1819
1013,1013,22,19,1922
1014,1014,22,19,1922
1015,1015,22,18,1822
1016,1016,22,54,2254
1017,1017,18,15,1518
1018,1018,18,29,1829
1019,1019,18,29,1829
1020,1020,18,16,1618
1021,1021,18,29,1829
1022,1022,18,16,1618
1023,1023,18,29,1829
1024,1024,18,16,1618
1025,1025,18,16,1618
1026,1026,22,20,2022
1027,1027,18,16,1618
1028,1028,15,29,1529
1029,1029,15,29,1529
1030,1030,15,18,1518
1031,1031,15,29,1529
1032,1032,22,24,2224
1033,1033,22,54,2254
1034,1034,22,19,1922
1035,1035,22,19,1922
1036,1036,15,19,1519
1037,1037,18,24,1824
1038,1038,18,27,1827
1039,1039,15,19,1519
1040,1040,22,19,1922
1041,1041,22,19,1922
1042,1042,19,22,1922
1043,1043,18,15,1518
1044,1044,18,19,1819
1045,1045,22,40,2240
1046,1046,18,24,1824
1047,1047,22,19,1922
1048,1048,22,19,1922
1049,1049,22,19,1922
1050,1050,22,19,1922
1051,1051,18,22,1822
1052,1052,22,40,2240
1053,1053,22,19,1922
1054,1054,22,19,1922
1055,1055,22,19,1922
1056,1056,22,31,2231
1057,1057,22,19,1922
1058,1058,22,19,1922
1059,1059,22,15,1522
1060,1060,22,31,2231
1061,1061,22,19,1922
1062,1062,19,22,1922
1063,1063,22,19,1922
1064,1064,22,19,1922
1065,1065,18,15,1518
1066,1066,18,29,1829
1067,1067,22,40,2240
1068,1068,22,19,1922
1069,1069,22,19,1922
1070,1070,22,19,1922
1071,1071,22,19,1922
1072,1072,22,19,1922
1073,1073,22,19,1922
1074,1074,22,31,2231
1075,1075,18,15,1518
1076,1076,22,19,1922
1077,1077,15,22,1522
1078,1078,15,19,1519
1079,1079,15,22,1522
1080,1080,18,24,1824
1081,1081,22,19,1922
1082,1082,22,19,1922
1083,1083,22,31,2231
1084,1084,22,19,1922
1085,1085,22,19,1922
1086,1086,15,18,1518
1087,1087,15,18,1518
1088,1088,18,19,1819
1089,1089,22,19,1922
1090,1090,22,19,1922
1091,1091,22,39,2239
1092,1092,22,19,1922
1093,1093,22,18,1822
1094,1094,18,15,1518
1095,1095,22,19,1922
1096,1096,22,19,1922
1097,1097,22,40,2240
1098,1098,18,15,1518
1099,1099,18,15,1518
1100,1100,22,40,2240
1101,1101,22,19,1922
1102,1102,22,31,2231
1103,1103,22,19,1922
1104,1104,22,19,1922
1105,1105,22,31,2231
1106,1106,18,27,1827
1107,1107,18,27,1827
1108,1108,18,27,1827
1109,1109,18,15,1518
1110,1110,18,22,1822
1111,1111,22,18,1822
1112,1112,22,19,1922
1113,1113,22,19,1922
1114,1114,22,31,2231
1115,1115,18,15,1518
1116,1116,22,19,1922
1117,1117,22,19,1922
1118,1118,22,19,1922
1119,1119,22,19,1922
1120,1120,22,18,1822
1121,1121,22,19,1922
1122,1122,22,19,1922
1123,1123,22,54,2254
1124,1124,22,18,1822
1125,1125,22,19,1922
1126,1126,22,19,1922
1127,1127,22,19,1922
1128,1128,22,19,1922
1129,1129,22,19,1922
1130,1130,22,19,1922
1131,1131,22,19,1922
1132,1132,19,22,1922
1133,1133,15,18,1518
1134,1134,22,19,1922
1135,1135,22,40,2240
1136,1136,22,19,1922
1137,1137,22,19,1922
1138,1138,18,22,1822
1139,1139,22,19,1922
1140,1140,22,19,1922
1141,1141,22,19,1922
1142,1142,22,19,1922
1143,1143,22,31,2231
1144,1144,22,18,1822
1145,1145,22,18,1822
1146,1146,29,15,1529
1147,1147,22,19,1922
1148,1148,22,31,2231
1149,1149,22,18,1822
1150,1150,22,18,1822
1151,1151,22,31,2231
1152,1152,22,31,2231
1153,1153,18,27,1827
1154,1154,22,19,1922
1155,1155,22,18,1822
1156,1156,18,15,1518
1157,1157,22,19,1922
1158,1158,22,19,1922
1159,1159,22,19,1922
1160,1160,22,19,1922
1161,1161,18,22,1822
1162,1162,18,15,1518
1163,1163,22,19,1922
1164,1164,22,19,1922
1165,1165,18,22,1822
1166,1166,22,40,2240
1167,1167,22,19,1922
1168,1168,15,22,1522
1169,1169,15,18,1518
1170,1170,22,19,1922
1171,1171,22,19,1922
1172,1172,22,19,1922
1173,1173,22,19,1922
1174,1174,22,54,2254
1175,1175,22,31,2231
1176,1176,22,54,2254
1177,1177,22,19,1922
1178,1178,22,19,1922
1179,1179,22,19,1922
1180,1180,22,31,2231
1181,1181,22,31,2231
1182,1182,22,19,1922
1183,1183,22,19,1922
1184,1184,22,19,1922
1185,1185,19,18,1819
1186,1186,22,19,1922
1187,1187,22,19,1922
1188,1188,22,19,1922
1189,1189,22,19,1922
1190,1190,22,31,2231
1191,1191,18,22,1822
1192,1192,22,19,1922
1193,1193,22,19,1922
1194,1194,22,19,1922
1195,1195,22,19,1922
1196,1196,22,19,1922
1197,1197,56,39,3956
1198,1198,22,40,2240
1199,1199,22,54,2254
1200,1200,22,18,1822
1201,1201,22,31,2231
1202,1202,22,18,1822
1203,1203,19,18,1819
1204,1204,22,19,1922
1205,1205,15,18,1518
1206,1206,22,18,1822
1207,1207,22,31,2231
1208,1208,18,24,1824
1209,1209,22,19,1922
1210,1210,22,19,1922
1211,1211,22,19,1922
1212,1212,22,19,1922
1213,1213,22,19,1922
1214,1214,22,19,1922
1215,1215,15,18,1518
1216,1216,22,19,1922
1217,1217,22,19,1922
1218,1218,22,18,1822
1219,1219,22,19,1922
1220,1220,22,19,1922
1221,1221,19,22,1922
1222,1222,22,31,2231
1223,1223,18,24,1824
1224,1224,18,15,1518
1225,1225,22,19,1922
1226,1226,22,19,1922
1227,1227,22,19,1922
1228,1228,22,19,1922
1229,1229,22,19,1922
1230,1230,22,19,1922
1231,1231,18,15,1518
1232,1232,22,18,1822
1233,1233,22,19,1922
1234,1234,22,40,2240
1235,1235,15,18,1518
1236,1236,15,18,1518
1237,1237,15,18,1518
1238,1238,18,15,1518
1239,1239,22,19,1922
1240,1240,19,22,1922
1241,1241,22,18,1822
1242,1242,22,19,1922
1243,1243,22,18,1822
1244,1244,22,19,1922
1245,1245,22,31,2231
1246,1246,22,19,1922
1247,1247,15,18,1518
1248,1248,22,19,1922
1249,1249,22,40,2240
1250,1250,22,31,2231
1251,1251,22,19,1922
1252,1252,15,18,1518
1253,1253,22,19,1922
1254,1254,18,15,1518
1255,1255,22,19,1922
1256,1256,22,19,1922
1257,1257,22,19,1922
1258,1258,22,31,2231
1259,1259,22,19,1922
1260,1260,22,31,2231
1261,1261,18,19,1819
1262,1262,18,22,1822
1263,1263,18,19,1819
1264,1264,18,19,1819
1265,1265,22,19,1922
1266,1266,22,54,2254
1267,1267,22,19,1922
1268,1268,22,19,1922
1269,1269,22,19,1922
1270,1270,22,31,2231
1271,1271,22,31,2231
1272,1272,22,31,2231
1273,1273,15,18,1518
1274,1274,22,18,1822
1275,1275,18,19,1819
1276,1276,22,40,2240
1277,1277,22,19,1922
1278,1278,18,15,1518
1279,1279,22,19,1922
1280,1280,22,19,1922
1281,1281,22,19,1922
1282,1282,22,19,1922
1283,1283,18,19,1819
1284,1284,22,20,2022
1285,1285,22,19,1922
1286,1286,22,19,1922
1287,1287,22,19,1922
1288,1288,22,19,1922
1289,1289,22,19,1922
1290,1290,22,19,1922
1291,1291,22,19,1922
1292,1292,22,19,1922
1293,1293,22,19,1922
1294,1294,22,18,1822
1295,1295,22,19,1922
1296,1296,22,19,1922
1297,1297,22,18,1822
1298,1298,22,19,1922
1299,1299,22,31,2231
1300,1300,22,31,2231
1301,1301,22,40,2240
1302,1302,22,19,1922
1303,1303,22,54,2254
1304,1304,22,19,1922
1305,1305,22,19,1922
1306,1306,22,19,1922
1307,1307,22,19,1922
1308,1308,22,19,1922
1309,1309,22,19,1922
1310,1310,22,18,1822
1311,1311,22,19,1922
1312,1312,22,19,1922
1313,1313,18,15,1518
1314,1314,22,19,1922
1315,1315,22,54,2254
1316,1316,18,27,1827
1317,1317,22,40,2240
1318,1318,22,19,1922
1319,1319,22,19,1922
1320,1320,18,19,1819
1321,1321,22,18,1822
1322,1322,22,19,1922
1323,1323,22,18,1822
1324,1324,15,18,1518
1325,1325,18,15,1518
1326,1326,18,24,1824
1327,1327,22,18,1822
1328,1328,15,18,1518
1329,1329,22,15,1522
1330,1330,22,19,1922
1331,1331,22,19,1922
1332,1332,22,40,2240
1333,1333,18,15,1518
1334,1334,18,15,1518
1335,1335,18,22,1822
1336,1336,15,18,1518
1337,1337,15,27,1527
1338,1338,22,19,1922
1339,1339,22,19,1922
1340,1340,22,18,1822
1341,1341,22,19,1922
1342,1342,22,19,1922
1343,1343,22,19,1922
1344,1344,22,18,1822
1345,1345,22,40,2240
1346,1346,15,22,1522
1347,1347,22,19,1922
1348,1348,22,18,1822
1349,1349,22,19,1922
1350,1350,22,19,1922
1351,1351,18,22,1822
1352,1352,22,19,1922
1353,1353,22,54,2254
1354,1354,18,15,1518
1355,1355,22,19,1922
1356,1356,22,19,1922
1357,1357,22,19,1922
1358,1358,22,19,1922
1359,1359,22,40,2240
1360,1360,15,18,1518
1361,1361,22,19,1922
1362,1362,22,19,1922
1363,1363,22,15,1522
1364,1364,18,22,1822
1365,1365,22,31,2231
1366,1366,22,19,1922
1367,1367,22,18,1822
1368,1368,22,18,1822
1369,1369,22,40,2240
1370,1370,22,19,1922
1371,1371,22,19,1922
1372,1372,22,19,1922
1373,1373,22,18,1822
1374,1374,22,19,1922
1375,1375,18,19,1819
1376,1376,22,31,2231
1377,1377,22,54,2254
1378,1378,22,18,1822
1379,1379,22,19,1922
1380,1380,22,40,2240
1381,1381,18,15,1518
1382,1382,22,19,1922
1383,1383,22,40,2240
1384,1384,22,19,1922
1385,1385,18,22,1822
1386,1386,22,18,1822
1387,1387,22,31,2231
1388,1388,18,24,1824
1389,1389,22,19,1922
1390,1390,22,19,1922
1391,1391,22,19,1922
1392,1392,22,31,2231
1393,1393,22,54,2254
1394,1394,22,18,1822
1395,1395,22,19,1922
1396,1396,22,19,1922
1397,1397,22,18,1822
1398,1398,19,22,1922
1399,1399,22,31,2231
1400,1400,22,54,2254
1401,1401,18,15,1518
1402,1402,18,19,1819
1403,1403,22,18,1822
1404,1404,22,19,1922
1405,1405,22,19,1922
1406,1406,22,19,1922
1407,1407,22,19,1922
1408,1408,22,19,1922
1409,1409,22,54,2254
1410,1410,22,19,1922
1411,1411,22,19,1922
1412,1412,22,18,1822
1413,1413,19,18,1819
1414,1414,22,19,1922
1415,1415,22,19,1922
1416,1416,18,15,1518
1417,1417,22,19,1922
1418,1418,22,19,1922
1419,1419,22,19,1922
1420,1420,18,22,1822
1421,1421,22,31,2231
1422,1422,22,18,1822
1423,1423,22,19,1922
1424,1424,22,19,1922
1425,1425,22,31,2231
1426,1426,22,18,1822
1427,1427,22,19,1922
1428,1428,18,19,1819
1429,1429,15,22,1522
1430,1430,22,31,2231
1431,1431,22,19,1922
1432,1432,22,31,2231
1433,1433,22,19,1922
1434,1434,22,18,1822
1435,1435,22,19,1922
1436,1436,22,31,2231
1437,1437,18,24,1824
1438,1438,22,19,1922
1439,1439,22,19,1922
1440,1440,22,19,1922
1441,1441,15,22,1522
1442,1442,22,19,1922
1443,1443,22,31,2231
1444,1444,22,19,1922
1445,1445,22,31,2231
1446,1446,22,19,1922
1447,1447,22,19,1922
1448,1448,22,40,2240
1449,1449,22,19,1922
1450,1450,22,31,2231
1451,1451,22,20,2022
1452,1452,22,19,1922
1453,1453,22,31,2231
1454,1454,22,19,1922
1455,1455,22,19,1922
1456,1456,22,19,1922
1457,1457,22,19,1922
1458,1458,22,19,1922
1459,1459,22,19,1922
1460,1460,22,19,1922
1461,1461,22,19,1922
1462,1462,22,18,1822
1463,1463,22,19,1922
1464,1464,22,18,1822
1465,1465,22,19,1922
1466,1466,22,18,1822
1467,1467,22,31,2231
1468,1468,22,19,1922
1469,1469,22,18,1822
1470,1470,22,31,2231
1471,1471,22,19,1922
1472,1472,22,31,2231
1473,1473,22,15,1522
1474,1474,22,31,2231
1475,1475,22,19,1922
1476,1476,22,19,1922
1477,1477,22,31,2231
1478,1478,18,19,1819
1479,1479,18,19,1819
1480,1480,18,19,1819
1481,1481,15,19,1519
1482,1482,15,16,1516
1483,1483,15,39,1539
1484,1484,22,31,2231
1485,1485,22,19,1922
1486,1486,22,19,1922
1487,1487,22,31,2231
1488,1488,22,19,1922
1489,1489,22,19,1922
1490,1490,22,19,1922
1491,1491,22,19,1922
1492,1492,22,19,1922
1493,1493,22,19,1922
1494,1494,22,19,1922
1495,1495,22,19,1922
1496,1496,22,19,1922
1497,1497,18,19,1819
1498,1498,22,19,1922
1499,1499,22,31,2231
1500,1500,22,18,1822
1501,1501,22,19,1922
1502,1502,22,19,1922
1503,1503,22,40,2240
1504,1504,22,31,2231
1505,1505,22,19,1922
1506,1506,22,31,2231
1507,1507,18,22,1822
1508,1508,18,15,1518
1509,1509,22,18,1822
1510,1510,22,19,1922
1511,1511,22,31,2231
1512,1512,22,18,1822
1513,1513,22,19,1922
1514,1514,22,32,2232
1515,1515,22,19,1922
1516,1516,22,19,1922
1517,1517,22,19,1922
1518,1518,22,19,1922
1519,1519,22,18,1822
1520,1520,22,19,1922
1521,1521,22,18,1822
1522,1522,22,19,1922
1523,1523,22,19,1922
1524,1524,22,19,1922
1525,1525,22,18,1822
1526,1526,22,18,1822
1527,1527,22,40,2240
1528,1528,22,31,2231
1529,1529,22,18,1822
1530,1530,22,19,1922
1531,1531,22,31,2231
1532,1532,18,22,1822
1533,1533,19,15,1519
1534,1534,22,19,1922
1535,1535,22,18,1822
1536,1536,22,54,2254
1537,1537,22,18,1822
1538,1538,22,19,1922
1539,1539,22,18,1822
1540,1540,22,19,1922
1541,1541,22,19,1922
1542,1542,22,19,1922
1543,1543,22,19,1922
1544,1544,15,22,1522
1545,1545,15,18,1518
1546,1546,22,31,2231
1547,1547,22,31,2231
1548,1548,22,31,2231
1549,1549,22,31,2231
1550,1550,18,19,1819
1551,1551,22,18,1822
1552,1552,22,18,1822
1553,1553,18,15,1518
1554,1554,22,19,1922
1555,1555,22,19,1922
1556,1556,22,54,2254
1557,1557,22,18,1822
1558,1558,22,19,1922
1559,1559,22,19,1922
1560,1560,22,19,1922
1561,1561,19,15,1519
1562,1562,22,19,1922
1563,1563,22,19,1922
1564,1564,22,31,2231
1565,1565,22,31,2231
1566,1566,22,31,2231
1567,1567,22,19,1922
1568,1568,22,40,2240
1569,1569,22,19,1922
1570,1570,22,19,1922
1571,1571,18,19,1819
1572,1572,22,18,1822
1573,1573,22,40,2240
1574,1574,18,22,1822
1575,1575,22,19,1922
1576,1576,22,19,1922
1577,1577,22,19,1922
1578,1578,22,31,2231
1579,1579,22,18,1822
1580,1580,22,19,1922
1581,1581,22,31,2231
1582,1582,22,31,2231
1583,1583,22,19,1922
1584,1584,22,19,1922
1585,1585,18,22,1822
1586,1586,18,15,1518
1587,1587,22,19,1922
1588,1588,22,19,1922
1589,1589,22,18,1822
1590,1590,22,19,1922
1591,1591,22,19,1922
1592,1592,22,19,1922
1593,1593,22,19,1922
1594,1594,22,18,1822
1595,1595,15,18,1518
1596,1596,22,19,1922
1597,1597,22,19,1922
1598,1598,22,19,1922
1599,1599,22,31,2231
1600,1600,22,18,1822
1601,1601,22,19,1922
1602,1602,22,19,1922
1603,1603,22,19,1922
1604,1604,22,19,1922
1605,1605,22,19,1922
1606,1606,22,18,1822
1607,1607,22,19,1922
1608,1608,22,19,1922
1609,1609,18,19,1819
1610,1610,22,19,1922
1611,1611,22,19,1922
1612,1612,22,31,2231
1613,1613,22,19,1922
1614,1614,22,19,1922
1615,1615,22,40,2240
1616,1616,22,19,1922
1617,1617,22,32,2232
1618,1618,22,19,1922
1619,1619,22,19,1922
1620,1620,22,19,1922
1621,1621,22,19,1922
1622,1622,22,19,1922
1623,1623,18,15,1518
1624,1624,22,19,1922
1625,1625,22,19,1922
1626,1626,18,22,1822
1627,1627,22,31,2231
1628,1628,22,31,2231
1629,1629,22,19,1922
1630,1630,22,19,1922
1631,1631,22,31,2231
1632,1632,15,18,1518
1633,1633,22,19,1922
1634,1634,22,18,1822
1635,1635,22,54,2254
1636,1636,22,32,2232
1637,1637,22,18,1822
1638,1638,18,15,1518
1639,1639,22,19,1922
1640,1640,22,40,2240
1641,1641,22,19,1922
1642,1642,18,24,1824
1643,1643,22,54,2254
1644,1644,22,54,2254
1645,1645,22,19,1922
1646,1646,22,31,2231
1647,1647,22,19,1922
1648,1648,22,19,1922
1649,1649,22,18,1822
1650,1650,19,22,1922
1651,1651,22,18,1822
1652,1652,22,18,1822
1653,1653,22,19,1922
1654,1654,18,24,1824
1655,1655,15,19,1519
1656,1656,22,40,2240
1657,1657,18,19,1819
1658,1658,22,19,1922
1659,1659,22,19,1922
1660,1660,22,54,2254
1661,1661,22,19,1922
1662,1662,22,19,1922
1663,1663,18,15,1518
1664,1664,22,19,1922
1665,1665,22,18,1822
1666,1666,22,19,1922
1667,1667,22,19,1922
1668,1668,22,19,1922
1669,1669,22,19,1922
1670,1670,22,18,1822
1671,1671,22,19,1922
1672,1672,18,22,1822
1673,1673,22,18,1822
1674,1674,22,19,1922
1675,1675,22,19,1922
1676,1676,22,31,2231
1677,1677,15,18,1518
1678,1678,15,18,1518
1679,1679,22,31,2231
1680,1680,22,19,1922
1681,1681,22,19,1922
1682,1682,22,19,1922
1683,1683,22,31,2231
1684,1684,22,19,1922
1685,1685,22,19,1922
1686,1686,22,18,1822
1687,1687,22,19,1922
1688,1688,22,31,2231
1689,1689,22,19,1922
1690,1690,22,19,1922
1691,1691,22,54,2254
1692,1692,18,27,1827
1693,1693,22,40,2240
1694,1694,22,19,1922
1695,1695,22,19,1922
1696,1696,18,15,1518
1697,1697,18,19,1819
1698,1698,18,19,1819
1699,1699,19,15,1519
1700,1700,15,24,1524
1701,1701,19,22,1922
1702,1702,22,19,1922
1703,1703,22,19,1922
1704,1704,22,31,2231
1705,1705,18,19,1819
1706,1706,22,19,1922
1707,1707,15,19,1519
1708,1708,22,19,1922
1709,1709,22,31,2231
1710,1710,22,19,1922
1711,1711,22,19,1922
1712,1712,22,32,2232
1713,1713,22,19,1922
1714,1714,22,19,1922
1715,1715,18,15,1518
1716,1716,22,31,2231
1717,1717,22,19,1922
1718,1718,22,19,1922
1719,1719,18,22,1822
1720,1720,18,15,1518
1721,1721,22,19,1922
1722,1722,22,19,1922
1723,1723,22,19,1922
1724,1724,15,18,1518
1725,1725,22,31,2231
1726,1726,22,19,1922
1727,1727,22,19,1922
1728,1728,22,24,2224
1729,1729,22,19,1922
1730,1730,22,31,2231
1731,1731,18,19,1819
1732,1732,22,19,1922
1733,1733,22,18,1822
1734,1734,22,19,1922
1735,1735,22,19,1922
1736,1736,22,19,1922
1737,1737,22,19,1922
1738,1738,22,54,2254
1739,1739,18,19,1819
1740,1740,15,19,1519
1741,1741,22,19,1922
1742,1742,22,19,1922
1743,1743,22,19,1922
1744,1744,22,31,2231
1745,1745,22,40,2240
1746,1746,22,19,1922
1747,1747,19,22,1922
1748,1748,22,19,1922
1749,1749,18,15,1518
1750,1750,22,19,1922
1751,1751,22,19,1922
1752,1752,22,18,1822
1753,1753,22,19,1922
1754,1754,22,19,1922
1755,1755,18,19,1819
1756,1756,18,19,1819
1757,1757,22,19,1922
1758,1758,22,19,1922
1759,1759,22,31,2231
1760,1760,22,31,2231
1761,1761,22,54,2254
1762,1762,22,40,2240
1763,1763,22,19,1922
1764,1764,22,19,1922
1765,1765,22,15,1522
1766,1766,22,19,1922
1767,1767,22,19,1922
1768,1768,22,18,1822
1769,1769,22,19,1922
1770,1770,22,18,1822
1771,1771,22,54,2254
1772,1772,22,19,1922
1773,1773,22,19,1922
1774,1774,15,19,1519
1775,1775,22,24,2224
1776,1776,22,18,1822
1777,1777,18,22,1822
1778,1778,22,19,1922
1779,1779,22,40,2240
1780,1780,22,54,2254
1781,1781,22,19,1922
1782,1782,18,15,1518
1783,1783,18,22,1822
1784,1784,22,31,2231
1785,1785,18,24,1824
1786,1786,22,19,1922
1787,1787,22,19,1922
1788,1788,15,18,1518
1789,1789,18,15,1518
1790,1790,22,19,1922
1791,1791,18,15,1518
1792,1792,15,18,1518
1793,1793,22,19,1922
1794,1794,22,54,2254
1795,1795,22,19,1922
1796,1796,22,19,1922
1797,1797,22,18,1822
1798,1798,19,18,1819
1799,1799,22,32,2232
1800,1800,22,19,1922
1801,1801,19,22,1922
1802,1802,22,19,1922
1803,1803,18,15,1518
1804,1804,22,19,1922
1805,1805,22,19,1922
1806,1806,22,19,1922
1807,1807,22,18,1822
1808,1808,22,19,1922
1809,1809,15,22,1522
1810,1810,22,18,1822
1811,1811,22,19,1922
1812,1812,22,54,2254
1813,1813,22,19,1922
1814,1814,15,19,1519
1815,1815,22,19,1922
1816,1816,22,19,1922
1817,1817,22,19,1922
1818,1818,22,40,2240
1819,1819,22,19,1922
1820,1820,22,19,1922
1821,1821,22,31,2231
1822,1822,22,31,2231
1823,1823,22,40,2240
1824,1824,22,31,2231
1825,1825,15,18,1518
1826,1826,22,31,2231
1827,1827,22,31,2231
1828,1828,22,18,1822
1829,1829,22,19,1922
1830,1830,22,19,1922
1831,1831,18,15,1518
1832,1832,22,19,1922
1833,1833,15,27,1527
1834,1834,22,19,1922
1835,1835,22,31,2231
1836,1836,22,19,1922
1837,1837,22,31,2231
1838,1838,22,19,1922
1839,1839,22,19,1922
1840,1840,22,19,1922
1841,1841,22,19,1922
1842,1842,15,19,1519
1843,1843,22,19,1922
1844,1844,22,19,1922
1845,1845,22,19,1922
1846,1846,22,31,2231
1847,1847,22,19,1922
1848,1848,22,19,1922
1849,1849,22,19,1922
1850,1850,22,19,1922
1851,1851,22,19,1922
1852,1852,22,19,1922
1853,1853,22,19,1922
1854,1854,22,19,1922
1855,1855,19,18,1819
1856,1856,22,19,1922
1857,1857,22,31,2231
1858,1858,22,19,1922
1859,1859,22,31,2231
1860,1860,18,19,1819
1861,1861,22,19,1922
1862,1862,22,19,1922
1863,1863,18,15,1518
1864,1864,22,19,1922
1865,1865,22,32,2232
1866,1866,22,19,1922
1867,1867,15,29,1529
1868,1868,22,40,2240
1869,1869,22,19,1922
1870,1870,22,19,1922
1871,1871,22,19,1922
1872,1872,18,22,1822
1873,1873,22,19,1922
1874,1874,22,19,1922
1875,1875,22,19,1922
1876,1876,22,19,1922
1877,1877,22,18,1822
1878,1878,22,18,1822
1879,1879,22,31,2231
1880,1880,22,18,1822
1881,1881,18,19,1819
1882,1882,18,15,1518
1883,1883,18,15,1518
1884,1884,22,19,1922
1885,1885,22,19,1922
1886,1886,19,18,1819
1887,1887,22,19,1922
1888,1888,22,19,1922
1889,1889,15,19,1519
1890,1890,22,31,2231
1891,1891,22,18,1822
1892,1892,22,31,2231
1893,1893,22,31,2231
1894,1894,22,19,1922
1895,1895,18,24,1824
1896,1896,19,18,1819
1897,1897,22,19,1922
1898,1898,18,15,1518
1899,1899,22,19,1922
1900,1900,22,19,1922
1901,1901,22,32,2232
1902,1902,22,18,1822
1903,1903,22,19,1922
1904,1904,18,22,1822
1905,1905,18,15,1518
1906,1906,22,19,1922
1907,1907,22,19,1922
1908,1908,22,19,1922
1909,1909,22,18,1822
1910,1910,22,19,1922
1911,1911,22,19,1922
1912,1912,22,19,1922
1913,1913,22,19,1922
1914,1914,22,19,1922
1915,1915,22,31,2231
1916,1916,18,15,1518
1917,1917,15,19,1519
1918,1918,22,40,2240
1919,1919,22,19,1922
1920,1920,22,19,1922
1921,1921,19,18,1819
1922,1922,15,18,1518
1923,1923,22,19,1922
1924,1924,22,19,1922
1925,1925,15,18,1518
1926,1926,22,18,1822
1927,1927,22,19,1922
1928,1928,22,19,1922
1929,1929,22,31,2231
1930,1930,15,22,1522
1931,1931,15,22,1522
1932,1932,22,31,2231
1933,1933,22,19,1922
1934,1934,22,19,1922
1935,1935,22,15,1522
1936,1936,22,19,1922
1937,1937,22,19,1922
1938,1938,22,18,1822
1939,1939,22,19,1922
1940,1940,18,22,1822
1941,1941,22,19,1922
1942,1942,22,19,1922
1943,1943,22,19,1922
1944,1944,22,19,1922
1945,1945,22,19,1922
1946,1946,22,31,2231
1947,1947,22,19,1922
1948,1948,22,18,1822
1949,1949,22,19,1922
1950,1950,22,19,1922
1951,1951,22,19,1922
1952,1952,22,19,1922
1953,1953,22,31,2231
1954,1954,22,18,1822
1955,1955,22,54,2254
1956,1956,22,19,1922
1957,1957,22,54,2254
1958,1958,22,19,1922
1959,1959,22,19,1922
1960,1960,22,19,1922
1961,1961,22,19,1922
1962,1962,22,19,1922
1963,1963,22,18,1822
1964,1964,22,31,2231
1965,1965,22,54,2254
1966,1966,22,18,1822
1967,1967,22,18,1822
1968,1968,22,19,1922
1969,1969,22,19,1922
1970,1970,22,40,2240
1971,1971,22,19,1922
1972,1972,15,22,1522
1973,1973,22,31,2231
1974,1974,18,15,1518
1975,1975,22,31,2231
1976,1976,22,19,1922
1977,1977,22,18,1822
1978,1978,22,40,2240
1979,1979,22,19,1922
1980,1980,22,31,2231
1981,1981,22,31,2231
1982,1982,19,22,1922
1983,1983,22,19,1922
1984,1984,22,31,2231
1985,1985,22,31,2231
1986,1986,22,19,1922
1987,1987,22,19,1922
1988,1988,18,19,1819
1989,1989,19,22,1922
1990,1990,18,22,1822
1991,1991,18,15,1518
1992,1992,22,19,1922
1993,1993,22,19,1922
1994,1994,22,19,1922
1995,1995,22,31,2231
1996,1996,22,19,1922
1997,1997,22,31,2231
1998,1998,22,19,1922
1999,1999,22,54,2254
2000,2000,22,19,1922
2001,2001,18,19,1819
2002,2002,22,32,2232
2003,2003,22,32,2232
2004,2004,22,40,2240
2005,2005,22,19,1922
2006,2006,18,4,418
2007,2007,22,31,2231
2008,2008,22,19,1922
2009,2009,22,19,1922
2010,2010,22,19,1922
2011,2011,22,19,1922
2012,2012,22,19,1922
2013,2013,22,19,1922
2014,2014,22,19,1922
2015,2015,22,19,1922
2016,2016,22,19,1922
2017,2017,22,19,1922
2018,2018,22,18,1822
2019,2019,22,31,2231
2020,2020,22,19,1922
2021,2021,22,19,1922
2022,2022,22,19,1922
2023,2023,18,15,1518
2024,2024,22,18,1822
2025,2025,22,19,1922
2026,2026,22,19,1922
2027,2027,22,40,2240
2028,2028,22,32,2232
2029,2029,22,40,2240
2030,2030,22,19,1922
2031,2031,22,31,2231
2032,2032,22,19,1922
2033,2033,22,19,1922
2034,2034,22,19,1922
2035,2035,19,22,1922
2036,2036,22,19,1922
2037,2037,22,18,1822
2038,2038,15,22,1522
2039,2039,22,31,2231
2040,2040,22,19,1922
2041,2041,22,19,1922
2042,2042,22,40,2240
2043,2043,22,19,1922
2044,2044,22,31,2231
2045,2045,22,18,1822
2046,2046,22,18,1822
2047,2047,22,19,1922
2048,2048,22,54,2254
2049,2049,22,19,1922
2050,2050,22,19,1922
2051,2051,22,19,1922
2052,2052,22,31,2231
2053,2053,22,19,1922
2054,2054,22,19,1922
2055,2055,22,19,1922
2056,2056,22,19,1922
2057,2057,22,19,1922
2058,2058,22,31,2231
2059,2059,22,19,1922
2060,2060,22,19,1922
2061,2061,18,15,1518
2062,2062,22,19,1922
2063,2063,22,19,1922
2064,2064,22,19,1922
2065,2065,22,18,1822
2066,2066,22,40,2240
2067,2067,22,19,1922
2068,2068,22,19,1922
2069,2069,22,31,2231
2070,2070,22,54,2254
2071,2071,22,19,1922
2072,2072,22,19,1922
2073,2073,22,18,1822
2074,2074,22,19,1922
2075,2075,22,31,2231
2076,2076,15,19,1519
2077,2077,18,19,1819
2078,2078,22,19,1922
2079,2079,22,19,1922
2080,2080,22,19,1922
2081,2081,22,31,2231
2082,2082,22,18,1822
2083,2083,19,22,1922
2084,2084,18,24,1824
2085,2085,22,15,1522
2086,2086,19,18,1819
2087,2087,22,19,1922
2088,2088,22,19,1922
2089,2089,22,18,1822
2090,2090,22,19,1922
2091,2091,22,19,1922
2092,2092,22,18,1822
2093,2093,22,19,1922
2094,2094,22,19,1922
2095,2095,22,19,1922
2096,2096,22,19,1922
2097,2097,22,19,1922
2098,2098,22,19,1922
2099,2099,22,19,1922
2100,2100,22,19,1922
2101,2101,22,19,1922
2102,2102,22,19,1922
2103,2103,22,31,2231
2104,2104,19,22,1922
2105,2105,22,19,1922
2106,2106,22,19,1922
2107,2107,22,18,1822
2108,2108,22,19,1922
2109,2109,22,18,1822
2110,2110,22,18,1822
2111,2111,18,24,1824
2112,2112,22,19,1922
2113,2113,22,19,1922
2114,2114,22,19,1922
2115,2115,22,19,1922
2116,2116,22,18,1822
2117,2117,22,40,2240
2118,2118,22,19,1922
2119,2119,22,19,1922
2120,2120,22,40,2240
2121,2121,22,32,2232
2122,2122,22,19,1922
2123,2123,22,19,1922
2124,2124,22,19,1922
2125,2125,22,19,1922
2126,2126,18,19,1819
2127,2127,18,19,1819
2128,2128,22,18,1822
2129,2129,22,18,1822
2130,2130,22,31,2231
2131,2131,22,19,1922
2132,2132,22,19,1922
2133,2133,22,19,1922
2134,2134,22,31,2231
2135,2135,15,19,1519
2136,2136,15,18,1518
2137,2137,22,19,1922
2138,2138,22,31,2231
2139,2139,22,19,1922
2140,2140,22,19,1922
2141,2141,22,19,1922
2142,2142,18,19,1819
2143,2143,18,15,1518
2144,2144,22,19,1922
2145,2145,22,31,2231
2146,2146,22,18,1822
2147,2147,22,18,1822
2148,2148,22,18,1822
2149,2149,22,19,1922
2150,2150,22,40,2240
2151,2151,22,19,1922
2152,2152,15,22,1522
2153,2153,22,19,1922
2154,2154,22,19,1922
2155,2155,22,19,1922
2156,2156,22,19,1922
2157,2157,22,19,1922
2158,2158,22,19,1922
2159,2159,18,19,1819
2160,2160,22,18,1822
2161,2161,22,31,2231
2162,2162,18,15,1518
2163,2163,22,31,2231
2164,2164,22,19,1922
2165,2165,22,19,1922
2166,2166,22,19,1922
2167,2167,22,18,1822
2168,2168,22,19,1922
2169,2169,22,19,1922
2170,2170,22,40,2240
2171,2171,15,24,1524
2172,2172,15,22,1522
2173,2173,15,19,1519
2174,2174,18,15,1518
2175,2175,22,19,1922
2176,2176,22,19,1922
2177,2177,22,19,1922
2178,2178,18,19,1819
2179,2179,18,19,1819
2180,2180,22,19,1922
2181,2181,22,18,1822
2182,2182,22,18,1822
2183,2183,22,19,1922
2184,2184,22,19,1922
2185,2185,22,19,1922
2186,2186,22,54,2254
2187,2187,22,19,1922
2188,2188,22,19,1922
2189,2189,22,19,1922
2190,2190,22,18,1822
2191,2191,22,19,1922
2192,2192,22,19,1922
2193,2193,18,15,1518
2194,2194,15,22,1522
2195,2195,22,19,1922
2196,2196,22,31,2231
2197,2197,22,19,1922
2198,2198,22,19,1922
2199,2199,22,54,2254
2200,2200,22,31,2231
2201,2201,22,31,2231
2202,2202,22,18,1822
2203,2203,22,18,1822
2204,2204,22,31,2231
2205,2205,22,40,2240
2206,2206,15,22,1522
2207,2207,22,31,2231
2208,2208,22,19,1922
2209,2209,22,19,1922
2210,2210,22,31,2231
2211,2211,22,32,2232
2212,2212,22,19,1922
2213,2213,22,19,1922
2214,2214,22,19,1922
2215,2215,22,31,2231
2216,2216,22,31,2231
2217,2217,22,19,1922
2218,2218,22,15,1522
2219,2219,22,19,1922
2220,2220,22,19,1922
2221,2221,18,15,1518
2222,2222,22,19,1922
2223,2223,22,19,1922
2224,2224,22,54,2254
2225,2225,22,19,1922
2226,2226,22,19,1922
2227,2227,22,31,2231
2228,2228,22,31,2231
2229,2229,22,31,2231
2230,2230,22,19,1922
2231,2231,22,19,1922
2232,2232,18,19,1819
2233,2233,22,19,1922
2234,2234,22,19,1922
2235,2235,22,31,2231
2236,2236,22,19,1922
2237,2237,22,19,1922
2238,2238,22,19,1922
2239,2239,22,19,1922
2240,2240,22,19,1922
2241,2241,22,19,1922
2242,2242,22,31,2231
2243,2243,22,19,1922
2244,2244,22,19,1922
2245,2245,22,31,2231
2246,2246,22,18,1822
2247,2247,22,18,1822
2248,2248,22,31,2231
2249,2249,22,19,1922
2250,2250,22,19,1922
2251,2251,22,19,1922
2252,2252,22,19,1922
2253,2253,22,19,1922
2254,2254,22,19,1922
2255,2255,22,31,2231
2256,2256,22,31,2231
2257,2257,22,31,2231
2258,2258,22,19,1922
2259,2259,22,19,1922
2260,2260,22,19,1922
2261,2261,22,54,2254
2262,2262,22,19,1922
2263,2263,22,19,1922
2264,2264,22,19,1922
2265,2265,22,18,1822
2266,2266,22,19,1922
2267,2267,22,19,1922
2268,2268,22,31,2231
2269,2269,22,19,1922
2270,2270,22,19,1922
2271,2271,22,19,1922
2272,2272,22,19,1922
2273,2273,22,19,1922
2274,2274,15,18,1518
2275,2275,18,22,1822
2276,2276,19,22,1922
